"name","url","portal","status","http","len","notes","screenshot"
"Home","https://olasentra.com/","public","PASS","200","37102","Reachable","BLOCKED"
"About","https://olasentra.com/about.php","public","FAIL","404","0","The remote server returned an error: (404) Not Found.","BLOCKED"
"Contact","https://olasentra.com/contact.php","public","PASS","200","13026","Reachable","BLOCKED"
"Services","https://olasentra.com/services.php","public","FAIL","404","0","The remote server returned an error: (404) Not Found.","BLOCKED"
"Register home","https://register.olasentra.com/","public","PASS","200","99363","Reachable","BLOCKED"
"Staff app","https://register.olasentra.com/staff-app.php","public","PASS","200","9013","Reachable","BLOCKED"
"Privacy","https://register.olasentra.com/privacy.php","public","PASS","200","3633","Reachable","BLOCKED"
"Terms","https://register.olasentra.com/terms.php","public","PASS","200","4877","Reachable","BLOCKED"
"Apply home","https://apply.olasentra.com/","public","PASS","200","99372","Reachable","BLOCKED"
"Apply admin login","https://apply.olasentra.com/admin/login.php","public","PASS","200","11190","Reachable","BLOCKED"
