"portal","url","source","http_status","status_class","category","body_len","php_error","is_blank","final_url","notes"
"register","https://register.olasentra.com/about.php","root:about.php","200","ok","ok","12451","False","False","https://olasentra.com/how-it-works.php",""
"marketing","https://olasentra.com/about.php","root:about.php","200","ok","ok","12451","False","False","https://olasentra.com/how-it-works.php",""
"register","https://register.olasentra.com/account-deletion.php","root:account-deletion.php","200","ok","ok","2106","False","False","https://olasentra.com/account-deletion.php",""
"marketing","https://olasentra.com/account-deletion.php","root:account-deletion.php","200","ok","ok","2106","False","False","https://olasentra.com/account-deletion.php",""
"register","https://register.olasentra.com/check-in.php","root:check-in.php","200","ok","ok","91919","False","False","https://register.olasentra.com/check-in.php",""
"marketing","https://olasentra.com/check-in.php","root:check-in.php","200","ok","ok","91919","False","False","https://olasentra.com/check-in.php",""
"register","https://register.olasentra.com/contact.php","root:contact.php","200","ok","ok","12367","False","False","https://register.olasentra.com/contact.php",""
"marketing","https://olasentra.com/contact.php","root:contact.php","200","ok","ok","12367","False","False","https://olasentra.com/contact.php",""
"register","https://register.olasentra.com/event-sign.php","root:event-sign.php","200","ok","ok","94027","False","False","https://register.olasentra.com/event-sign.php",""
"marketing","https://olasentra.com/event-sign.php","root:event-sign.php","200","ok","ok","94027","False","False","https://olasentra.com/event-sign.php",""
"register","https://register.olasentra.com/events-page.php","root:events-page.php","200","ok","ok","12964","False","False","https://olasentra.com/events-page.php",""
"marketing","https://olasentra.com/events-page.php","root:events-page.php","200","ok","ok","12964","False","False","https://olasentra.com/events-page.php",""
"register","https://register.olasentra.com/faq.php","root:faq.php","200","ok","ok","14940","False","False","https://olasentra.com/faq.php",""
"marketing","https://olasentra.com/faq.php","root:faq.php","200","ok","ok","14940","False","False","https://olasentra.com/faq.php",""
"register","https://register.olasentra.com/home.php","root:home.php","200","ok","ok","43417","False","False","https://olasentra.com/home.php",""
"marketing","https://olasentra.com/home.php","root:home.php","200","ok","ok","43417","False","False","https://olasentra.com/home.php",""
"register","https://register.olasentra.com/how-it-works.php","root:how-it-works.php","200","ok","ok","12451","False","False","https://olasentra.com/how-it-works.php",""
"marketing","https://olasentra.com/how-it-works.php","root:how-it-works.php","200","ok","ok","12451","False","False","https://olasentra.com/how-it-works.php",""
"register","https://register.olasentra.com/index.php","root:index.php","200","ok","ok","101666","False","False","https://register.olasentra.com/index.php",""
"marketing","https://olasentra.com/index.php","root:index.php","200","ok","ok","101657","False","False","https://register.olasentra.com/",""
"register","https://register.olasentra.com/manifest.php","root:manifest.php","200","ok","ok","6455","False","False","https://register.olasentra.com/manifest.php",""
"marketing","https://olasentra.com/manifest.php","root:manifest.php","200","ok","ok","6455","False","False","https://olasentra.com/manifest.php",""
"register","https://register.olasentra.com/offline.php","root:offline.php","200","ok","ok","1620","False","False","https://register.olasentra.com/offline.php",""
"marketing","https://olasentra.com/offline.php","root:offline.php","200","ok","ok","1620","False","False","https://olasentra.com/offline.php",""
"register","https://register.olasentra.com/og-image.php","root:og-image.php","200","ok","ok","412222","False","False","https://register.olasentra.com/og-image.php",""
"marketing","https://olasentra.com/og-image.php","root:og-image.php","200","ok","ok","412222","False","False","https://olasentra.com/og-image.php",""
"register","https://register.olasentra.com/privacy.php","root:privacy.php","200","ok","ok","2958","False","False","https://olasentra.com/privacy.php",""
"marketing","https://olasentra.com/privacy.php","root:privacy.php","200","ok","ok","2958","False","False","https://olasentra.com/privacy.php",""
"register","https://register.olasentra.com/roles.php","root:roles.php","200","ok","ok","12968","False","False","https://register.olasentra.com/roles.php",""
"marketing","https://olasentra.com/roles.php","root:roles.php","200","ok","ok","12968","False","False","https://olasentra.com/roles.php",""
"register","https://register.olasentra.com/services.php","root:services.php","200","ok","ok","12968","False","False","https://register.olasentra.com/roles.php",""
"marketing","https://olasentra.com/services.php","root:services.php","200","ok","ok","12968","False","False","https://olasentra.com/roles.php",""
"register","https://register.olasentra.com/sign-in.php","root:sign-in.php","200","ok","ok","92178","False","False","https://register.olasentra.com/sign-in.php",""
"marketing","https://olasentra.com/sign-in.php","root:sign-in.php","200","ok","ok","92178","False","False","https://olasentra.com/sign-in.php",""
"register","https://register.olasentra.com/staff-app-download.php","root:staff-app-download.php","200","ok","ok","2669","False","False","https://register.olasentra.com/staff-app-download.php",""
"marketing","https://olasentra.com/staff-app-download.php","root:staff-app-download.php","200","ok","ok","2669","False","False","https://olasentra.com/staff-app-download.php",""
"register","https://register.olasentra.com/staff-app.php","root:staff-app.php","200","ok","auth_redirect","11380","False","False","https://register.olasentra.com/staff-app.php","Redirects to login (expected without session)"
"marketing","https://olasentra.com/staff-app.php","root:staff-app.php","200","ok","auth_redirect","11380","False","False","https://olasentra.com/staff-app.php","Redirects to login (expected without session)"
"register","https://register.olasentra.com/staff-availability.php","root:staff-availability.php","200","ok","auth_redirect","11380","False","False","https://register.olasentra.com/staff-app.php","Redirects to login (expected without session)"
"marketing","https://olasentra.com/staff-availability.php","root:staff-availability.php","200","ok","auth_redirect","11380","False","False","https://olasentra.com/staff-app.php","Redirects to login (expected without session)"
"register","https://register.olasentra.com/staff-certificates.php","root:staff-certificates.php","200","ok","auth_redirect","11380","False","False","https://register.olasentra.com/staff-app.php","Redirects to login (expected without session)"
"marketing","https://olasentra.com/staff-certificates.php","root:staff-certificates.php","200","ok","auth_redirect","11380","False","False","https://olasentra.com/staff-app.php","Redirects to login (expected without session)"
"register","https://register.olasentra.com/staff-change-password.php","root:staff-change-password.php","200","ok","auth_redirect","11380","False","False","https://register.olasentra.com/staff-app.php","Redirects to login (expected without session)"
"marketing","https://olasentra.com/staff-change-password.php","root:staff-change-password.php","200","ok","auth_redirect","11380","False","False","https://olasentra.com/staff-app.php","Redirects to login (expected without session)"
"register","https://register.olasentra.com/staff-checkin.php","root:staff-checkin.php","200","ok","auth_redirect","11380","False","False","https://register.olasentra.com/staff-app.php","Redirects to login (expected without session)"
"marketing","https://olasentra.com/staff-checkin.php","root:staff-checkin.php","200","ok","auth_redirect","11380","False","False","https://olasentra.com/staff-app.php","Redirects to login (expected without session)"
"register","https://register.olasentra.com/staff-documents.php","root:staff-documents.php","200","ok","auth_redirect","11380","False","False","https://register.olasentra.com/staff-app.php","Redirects to login (expected without session)"
"marketing","https://olasentra.com/staff-documents.php","root:staff-documents.php","200","ok","auth_redirect","11380","False","False","https://olasentra.com/staff-app.php","Redirects to login (expected without session)"
"register","https://register.olasentra.com/staff-google-oauth-callback.php","root:staff-google-oauth-callback.php","200","ok","auth_redirect","11602","False","False","https://register.olasentra.com/staff-app.php","Redirects to login (expected without session)"
"marketing","https://olasentra.com/staff-google-oauth-callback.php","root:staff-google-oauth-callback.php","200","ok","auth_redirect","11602","False","False","https://olasentra.com/staff-app.php","Redirects to login (expected without session)"
"register","https://register.olasentra.com/staff-google-signin.php","root:staff-google-signin.php","200","ok","ok","950349","False","False","https://accounts.google.com/v3/signin/identifier?opparams=%253F&dsh=S-802199768:1782138084640645&access_type=online&client_id=603350887421-98r4icv22rcc8slfghulqri4tq55bqj9.apps.googleusercontent.com&o2v=2&prompt=select_account&redirect_uri=https://register.olasentra.com/staff-google-oauth-callback.php&response_type=code&scope=openid+email+profile&service=lso&state=7e8f0e03231a2a6682f108d6336f7c3a&flowName=GeneralOAuthLite&continue=https://accounts.google.com/signin/oauth/legacy/consent?authuser=unknown&part=AJi8hAPbnTjxiEw_iJIxIVaWHCpKXgJkVe_TpYKagksYDhgmwRa6638E2jBN0tJ-bYNCNNBHe7MUNFyBXCQaJqgZvS9CkY3DByw67pmJN77B57Q1GsKWq8wzWmXY5m9nVfLbPtAMIKofnG49j67hY9MGUJkegH36EcpWnjzZ1vT-tCAAMqVOlHLgWMaZjmj-O6OCpFRh2xMGaMeC6zu_80SWh3mmfQt3RMqjcvAXuY4TmFqlU2kV_RI7xNB2PcdiOpTSSuK2j6DeBvpUTdm2HhOOBiRvBXhtB-WL2INR-PiRTvzeenmglGZwA13QD3_sA8fBWK3KCP-nblw7lCzSD0cPpjjvdK9vj16aKXmZ6JxqT1U-6KdkkTK-dHtRF-VyaX3kJ5uAPmJwGu7LSlyAxUc5ay2IN7Y9RLPeBYF6X-HyJOu22C9Po2x8pqXv1-UNSFB4nmgC_PhRYmILg_-0NvRJCiCEee99yhRuy-uvemNmxrGStmua2sg&flowName=GeneralOAuthFlow&as=S-802199768%253A1782138084640645&client_id=603350887421-98r4icv22rcc8slfghulqri4tq55bqj9.apps.googleusercontent.com%23&app_domain=https://register.olasentra.com&rart=ANgoxce3VlEbdGj-qUo3Z_wcKsyLYBKDUq10tmvDNcQcERWm9XK57aWeWiqNdbHr9UIjp0_0YlMfioLOwgdtGKN1DXOsG-spyOCKfhZyMeBkG8MBhqZzz08",""
"marketing","https://olasentra.com/staff-google-signin.php","root:staff-google-signin.php","200","ok","ok","950375","False","False","https://accounts.google.com/v3/signin/identifier?opparams=%253F&dsh=S571239729:1782138088541207&access_type=online&client_id=603350887421-98r4icv22rcc8slfghulqri4tq55bqj9.apps.googleusercontent.com&o2v=2&prompt=select_account&redirect_uri=https://register.olasentra.com/staff-google-oauth-callback.php&response_type=code&scope=openid+email+profile&service=lso&state=d4c6565dffa5c7996dfc59349bb59674&flowName=GeneralOAuthLite&continue=https://accounts.google.com/signin/oauth/legacy/consent?authuser=unknown&part=AJi8hAN_7UqCj7KrSd6WSqVuLizP2sWzk3fxWe6aFlsjvy8HNwFCCoDGP0Ku2PAbEMMWbDebemQEJKfqYA_X-wLtFmYl08sly--rx4a7b8pQSaAzJG9QhGphUOo_i8GguT3LV_e4iqWZznpyQmstVAUzw3XvoE_1WIjpEiRpSHVS5scLZD6nhhyW4DVORmX8f1aQ1XkkbXOE7v26IJlvAGINuAlS7neY4LyDN9rZVfDnbas_B26ZNOyrrnkHZ3aYxK25feEZo6wZZ54C1A7GaoxkxFEkfyPT3dPVjelk68DWPwQWJSQettDTYQ-4Z6alDkVFg2gqju38kRDBNbqOcStdsMIwdILuFqcJB-TDZCmSAuwL73IrHY_ROD9zt998sHr3cxj13NTi3G7ihjxuNEY1GOKPDM8HaeOEdELt3KwaOc9n43Y9OnpNyltO25v5sXz4T7FAbTy_OoJs7eTODwBcVoulICujBTJVEHMdunXGMUiZfiBQzGU&flowName=GeneralOAuthFlow&as=S571239729%253A1782138088541207&client_id=603350887421-98r4icv22rcc8slfghulqri4tq55bqj9.apps.googleusercontent.com%23&app_domain=https://register.olasentra.com&rart=ANgoxccHb80_vGURGV9JZChJbXHHHLGDTDZtZNHPWX4xzRdAMxTSgXwqTZDrkwi-IL2BoTGHE0wcK2XfWzD53SY6Lhr-jVwk_w-f_rZk5i2ngvL2dBM1kiQ",""
"register","https://register.olasentra.com/staff-leave.php","root:staff-leave.php","200","ok","auth_redirect","11380","False","False","https://register.olasentra.com/staff-app.php","Redirects to login (expected without session)"
"marketing","https://olasentra.com/staff-leave.php","root:staff-leave.php","200","ok","auth_redirect","11380","False","False","https://olasentra.com/staff-app.php","Redirects to login (expected without session)"
"register","https://register.olasentra.com/staff-messages.php","root:staff-messages.php","200","ok","auth_redirect","11432","False","False","https://register.olasentra.com/staff-app.php?return=staff-messages.php","Redirects to login (expected without session)"
"marketing","https://olasentra.com/staff-messages.php","root:staff-messages.php","200","ok","auth_redirect","11432","False","False","https://olasentra.com/staff-app.php?return=staff-messages.php","Redirects to login (expected without session)"
"register","https://register.olasentra.com/staff-notifications.php","root:staff-notifications.php","200","ok","auth_redirect","11380","False","False","https://register.olasentra.com/staff-app.php","Redirects to login (expected without session)"
"marketing","https://olasentra.com/staff-notifications.php","root:staff-notifications.php","200","ok","auth_redirect","11380","False","False","https://olasentra.com/staff-app.php","Redirects to login (expected without session)"
"register","https://register.olasentra.com/staff-portal.php","root:staff-portal.php","200","ok","auth_redirect","11380","False","False","https://register.olasentra.com/staff-app.php","Redirects to login (expected without session)"
"marketing","https://olasentra.com/staff-portal.php","root:staff-portal.php","200","ok","auth_redirect","11380","False","False","https://olasentra.com/staff-app.php","Redirects to login (expected without session)"
"register","https://register.olasentra.com/staff-profile-hub.php","root:staff-profile-hub.php","200","ok","auth_redirect","11380","False","False","https://register.olasentra.com/staff-app.php","Redirects to login (expected without session)"
"marketing","https://olasentra.com/staff-profile-hub.php","root:staff-profile-hub.php","200","ok","auth_redirect","11380","False","False","https://olasentra.com/staff-app.php","Redirects to login (expected without session)"
"register","https://register.olasentra.com/staff-profile.php","root:staff-profile.php","200","ok","auth_redirect","11380","False","False","https://register.olasentra.com/staff-app.php","Redirects to login (expected without session)"
"marketing","https://olasentra.com/staff-profile.php","root:staff-profile.php","200","ok","auth_redirect","11380","False","False","https://olasentra.com/staff-app.php","Redirects to login (expected without session)"
"register","https://register.olasentra.com/staff-self-service.php","root:staff-self-service.php","200","ok","auth_redirect","11380","False","False","https://register.olasentra.com/staff-app.php","Redirects to login (expected without session)"
"marketing","https://olasentra.com/staff-self-service.php","root:staff-self-service.php","200","ok","auth_redirect","11380","False","False","https://olasentra.com/staff-app.php","Redirects to login (expected without session)"
"register","https://register.olasentra.com/staff-settings.php","root:staff-settings.php","200","ok","auth_redirect","11380","False","False","https://register.olasentra.com/staff-app.php","Redirects to login (expected without session)"
"marketing","https://olasentra.com/staff-settings.php","root:staff-settings.php","200","ok","auth_redirect","11380","False","False","https://olasentra.com/staff-app.php","Redirects to login (expected without session)"
"register","https://register.olasentra.com/staff-shifts.php","root:staff-shifts.php","200","ok","auth_redirect","11380","False","False","https://register.olasentra.com/staff-app.php","Redirects to login (expected without session)"
"marketing","https://olasentra.com/staff-shifts.php","root:staff-shifts.php","200","ok","auth_redirect","11380","False","False","https://olasentra.com/staff-app.php","Redirects to login (expected without session)"
"register","https://register.olasentra.com/staff-signout.php","root:staff-signout.php","200","ok","auth_redirect","11380","False","False","https://register.olasentra.com/staff-app.php","Redirects to login (expected without session)"
"marketing","https://olasentra.com/staff-signout.php","root:staff-signout.php","200","ok","auth_redirect","11380","False","False","https://olasentra.com/staff-app.php","Redirects to login (expected without session)"
"register","https://register.olasentra.com/staff-support.php","root:staff-support.php","200","ok","auth_redirect","11432","False","False","https://register.olasentra.com/staff-app.php?return=staff-messages.php","Redirects to login (expected without session)"
"marketing","https://olasentra.com/staff-support.php","root:staff-support.php","200","ok","auth_redirect","11432","False","False","https://olasentra.com/staff-app.php?return=staff-messages.php","Redirects to login (expected without session)"
"register","https://register.olasentra.com/status.php","root:status.php","200","ok","ok","5569","False","False","https://register.olasentra.com/status.php",""
"marketing","https://olasentra.com/status.php","root:status.php","200","ok","ok","5569","False","False","https://olasentra.com/status.php",""
"register","https://register.olasentra.com/submit.php","root:submit.php","200","ok","ok","101666","False","False","https://register.olasentra.com/index.php",""
"marketing","https://olasentra.com/submit.php","root:submit.php","200","ok","ok","101657","False","False","https://register.olasentra.com/",""
"register","https://register.olasentra.com/terms.php","root:terms.php","200","ok","ok","4202","False","False","https://olasentra.com/terms.php",""
"marketing","https://olasentra.com/terms.php","root:terms.php","200","ok","ok","4202","False","False","https://olasentra.com/terms.php",""
"admin","https://admin.olasentra.com/admin/ai-ops.php","admin:ai-ops.php","200","ok","auth_redirect","4154","False","False","https://admin.olasentra.com/admin/login.php","Redirects to login (expected without session)"
"admin","https://admin.olasentra.com/admin/allocation-action.php","admin:allocation-action.php","200","ok","auth_redirect","4154","False","False","https://admin.olasentra.com/admin/login.php","Redirects to login (expected without session)"
"admin","https://admin.olasentra.com/admin/allocation-centre.php","admin:allocation-centre.php","200","ok","auth_redirect","4154","False","False","https://admin.olasentra.com/admin/login.php","Redirects to login (expected without session)"
"admin","https://admin.olasentra.com/admin/apply-portal.php","admin:apply-portal.php","200","ok","auth_redirect","4154","False","False","https://admin.olasentra.com/admin/login.php","Redirects to login (expected without session)"
"admin","https://admin.olasentra.com/admin/apply-sync-ping.php","admin:apply-sync-ping.php","200","ok","auth_redirect","4154","False","False","https://admin.olasentra.com/admin/login.php","Redirects to login (expected without session)"
"admin","https://admin.olasentra.com/admin/attendance.php","admin:attendance.php","200","ok","auth_redirect","4154","False","False","https://admin.olasentra.com/admin/login.php","Redirects to login (expected without session)"
"admin","https://admin.olasentra.com/admin/audit-log.php","admin:audit-log.php","200","ok","auth_redirect","4154","False","False","https://admin.olasentra.com/admin/login.php","Redirects to login (expected without session)"
"admin","https://admin.olasentra.com/admin/auto-approval-action.php","admin:auto-approval-action.php","200","ok","auth_redirect","4154","False","False","https://admin.olasentra.com/admin/login.php","Redirects to login (expected without session)"
"admin","https://admin.olasentra.com/admin/auto-approval.php","admin:auto-approval.php","200","ok","auth_redirect","4154","False","False","https://admin.olasentra.com/admin/login.php","Redirects to login (expected without session)"
"admin","https://admin.olasentra.com/admin/backup-center.php","admin:backup-center.php","200","ok","auth_redirect","4154","False","False","https://admin.olasentra.com/admin/login.php","Redirects to login (expected without session)"
"admin","https://admin.olasentra.com/admin/backup-download.php","admin:backup-download.php","200","ok","auth_redirect","4154","False","False","https://admin.olasentra.com/admin/login.php","Redirects to login (expected without session)"
"admin","https://admin.olasentra.com/admin/backup-run.php","admin:backup-run.php","200","ok","auth_redirect","4154","False","False","https://admin.olasentra.com/admin/login.php","Redirects to login (expected without session)"
"admin","https://admin.olasentra.com/admin/backups-export.php","admin:backups-export.php","200","ok","auth_redirect","4154","False","False","https://admin.olasentra.com/admin/login.php","Redirects to login (expected without session)"
"admin","https://admin.olasentra.com/admin/backups.php","admin:backups.php","200","ok","auth_redirect","4154","False","False","https://admin.olasentra.com/admin/login.php","Redirects to login (expected without session)"
"admin","https://admin.olasentra.com/admin/blacklist-action.php","admin:blacklist-action.php","200","ok","auth_redirect","4154","False","False","https://admin.olasentra.com/admin/login.php","Redirects to login (expected without session)"
"admin","https://admin.olasentra.com/admin/blacklist.php","admin:blacklist.php","200","ok","auth_redirect","4154","False","False","https://admin.olasentra.com/admin/login.php","Redirects to login (expected without session)"
"admin","https://admin.olasentra.com/admin/bulk-status.php","admin:bulk-status.php","200","ok","auth_redirect","4154","False","False","https://admin.olasentra.com/admin/login.php","Redirects to login (expected without session)"
"admin","https://admin.olasentra.com/admin/bulk_status.php","admin:bulk_status.php","200","ok","auth_redirect","4154","False","False","https://admin.olasentra.com/admin/login.php","Redirects to login (expected without session)"
"admin","https://admin.olasentra.com/admin/cancel-event-registrations.php","admin:cancel-event-registrations.php","200","ok","auth_redirect","4154","False","False","https://admin.olasentra.com/admin/login.php","Redirects to login (expected without session)"
"admin","https://admin.olasentra.com/admin/checkin-action.php","admin:checkin-action.php","200","ok","auth_redirect","4154","False","False","https://admin.olasentra.com/admin/login.php","Redirects to login (expected without session)"
"admin","https://admin.olasentra.com/admin/checkin-reset-action.php","admin:checkin-reset-action.php","200","ok","auth_redirect","4154","False","False","https://admin.olasentra.com/admin/login.php","Redirects to login (expected without session)"
"admin","https://admin.olasentra.com/admin/cleanup-report.php","admin:cleanup-report.php","200","ok","auth_redirect","4154","False","False","https://admin.olasentra.com/admin/login.php","Redirects to login (expected without session)"
"admin","https://admin.olasentra.com/admin/client-centre.php","admin:client-centre.php","200","ok","auth_redirect","4154","False","False","https://admin.olasentra.com/admin/login.php","Redirects to login (expected without session)"
"admin","https://admin.olasentra.com/admin/command-center.php","admin:command-center.php","200","ok","auth_redirect","4154","False","False","https://admin.olasentra.com/admin/login.php","Redirects to login (expected without session)"
"admin","https://admin.olasentra.com/admin/communication-centre.php","admin:communication-centre.php","200","ok","auth_redirect","4154","False","False","https://admin.olasentra.com/admin/login.php","Redirects to login (expected without session)"
"admin","https://admin.olasentra.com/admin/communication-hub.php","admin:communication-hub.php","200","ok","auth_redirect","4154","False","False","https://admin.olasentra.com/admin/login.php","Redirects to login (expected without session)"
"admin","https://admin.olasentra.com/admin/compliance-audit.php","admin:compliance-audit.php","200","ok","auth_redirect","4154","False","False","https://admin.olasentra.com/admin/login.php","Redirects to login (expected without session)"
"admin","https://admin.olasentra.com/admin/compliance-centre.php","admin:compliance-centre.php","200","ok","auth_redirect","4154","False","False","https://admin.olasentra.com/admin/login.php","Redirects to login (expected without session)"
"admin","https://admin.olasentra.com/admin/contract-centre.php","admin:contract-centre.php","200","ok","auth_redirect","4154","False","False","https://admin.olasentra.com/admin/login.php","Redirects to login (expected without session)"
"admin","https://admin.olasentra.com/admin/contracts-centre.php","admin:contracts-centre.php","200","ok","auth_redirect","4154","False","False","https://admin.olasentra.com/admin/login.php","Redirects to login (expected without session)"
"admin","https://admin.olasentra.com/admin/dashboard.php","admin:dashboard.php","200","ok","auth_redirect","4154","False","False","https://admin.olasentra.com/admin/login.php","Redirects to login (expected without session)"
"admin","https://admin.olasentra.com/admin/data-integrity.php","admin:data-integrity.php","200","ok","auth_redirect","4154","False","False","https://admin.olasentra.com/admin/login.php","Redirects to login (expected without session)"
"admin","https://admin.olasentra.com/admin/delete-event.php","admin:delete-event.php","200","ok","auth_redirect","4154","False","False","https://admin.olasentra.com/admin/login.php","Redirects to login (expected without session)"
"admin","https://admin.olasentra.com/admin/duplicate-merge-action.php","admin:duplicate-merge-action.php","200","ok","auth_redirect","4154","False","False","https://admin.olasentra.com/admin/login.php","Redirects to login (expected without session)"
"admin","https://admin.olasentra.com/admin/duplicate-merge.php","admin:duplicate-merge.php","200","ok","auth_redirect","4154","False","False","https://admin.olasentra.com/admin/login.php","Redirects to login (expected without session)"
"admin","https://admin.olasentra.com/admin/event-form.php","admin:event-form.php","200","ok","auth_redirect","4154","False","False","https://admin.olasentra.com/admin/login.php","Redirects to login (expected without session)"
"admin","https://admin.olasentra.com/admin/event-hub.php","admin:event-hub.php","200","ok","auth_redirect","4154","False","False","https://admin.olasentra.com/admin/login.php","Redirects to login (expected without session)"
"admin","https://admin.olasentra.com/admin/event-rostering.php","admin:event-rostering.php","200","ok","auth_redirect","4154","False","False","https://admin.olasentra.com/admin/login.php","Redirects to login (expected without session)"
"admin","https://admin.olasentra.com/admin/event-sign-qr.php","admin:event-sign-qr.php","200","ok","auth_redirect","4154","False","False","https://admin.olasentra.com/admin/login.php","Redirects to login (expected without session)"
"admin","https://admin.olasentra.com/admin/event-staffing.php","admin:event-staffing.php","200","ok","auth_redirect","4154","False","False","https://admin.olasentra.com/admin/login.php","Redirects to login (expected without session)"
"admin","https://admin.olasentra.com/admin/events-probe.php","admin:events-probe.php","200","ok","auth_redirect","4154","False","False","https://admin.olasentra.com/admin/login.php","Redirects to login (expected without session)"
"admin","https://admin.olasentra.com/admin/events-roster-action.php","admin:events-roster-action.php","200","ok","auth_redirect","4154","False","False","https://admin.olasentra.com/admin/login.php","Redirects to login (expected without session)"
"admin","https://admin.olasentra.com/admin/events-sheets-action.php","admin:events-sheets-action.php","200","ok","auth_redirect","4154","False","False","https://admin.olasentra.com/admin/login.php","Redirects to login (expected without session)"
"admin","https://admin.olasentra.com/admin/events.php","admin:events.php","200","ok","auth_redirect","4154","False","False","https://admin.olasentra.com/admin/login.php","Redirects to login (expected without session)"
"admin","https://admin.olasentra.com/admin/executive-dashboard.php","admin:executive-dashboard.php","200","ok","auth_redirect","4154","False","False","https://admin.olasentra.com/admin/login.php","Redirects to login (expected without session)"
"admin","https://admin.olasentra.com/admin/export-attendance.php","admin:export-attendance.php","200","ok","auth_redirect","4154","False","False","https://admin.olasentra.com/admin/login.php","Redirects to login (expected without session)"
"admin","https://admin.olasentra.com/admin/export-event-signins.php","admin:export-event-signins.php","200","ok","auth_redirect","4154","False","False","https://admin.olasentra.com/admin/login.php","Redirects to login (expected without session)"
"admin","https://admin.olasentra.com/admin/export-invoice.php","admin:export-invoice.php","200","ok","auth_redirect","4154","False","False","https://admin.olasentra.com/admin/login.php","Redirects to login (expected without session)"
"admin","https://admin.olasentra.com/admin/export-invoices-month.php","admin:export-invoices-month.php","200","ok","auth_redirect","4154","False","False","https://admin.olasentra.com/admin/login.php","Redirects to login (expected without session)"
"admin","https://admin.olasentra.com/admin/export-staff.php","admin:export-staff.php","200","ok","auth_redirect","4154","False","False","https://admin.olasentra.com/admin/login.php","Redirects to login (expected without session)"
"admin","https://admin.olasentra.com/admin/export-work-hours.php","admin:export-work-hours.php","200","ok","auth_redirect","4154","False","False","https://admin.olasentra.com/admin/login.php","Redirects to login (expected without session)"
"admin","https://admin.olasentra.com/admin/export.php","admin:export.php","200","ok","auth_redirect","4154","False","False","https://admin.olasentra.com/admin/login.php","Redirects to login (expected without session)"
"admin","https://admin.olasentra.com/admin/exports.php","admin:exports.php","200","ok","auth_redirect","4154","False","False","https://admin.olasentra.com/admin/login.php","Redirects to login (expected without session)"
"admin","https://admin.olasentra.com/admin/feature-flags.php","admin:feature-flags.php","200","ok","auth_redirect","4154","False","False","https://admin.olasentra.com/admin/login.php","Redirects to login (expected without session)"
"admin","https://admin.olasentra.com/admin/form-edit.php","admin:form-edit.php","200","ok","auth_redirect","4154","False","False","https://admin.olasentra.com/admin/login.php","Redirects to login (expected without session)"
"admin","https://admin.olasentra.com/admin/form-new.php","admin:form-new.php","200","ok","auth_redirect","4154","False","False","https://admin.olasentra.com/admin/login.php","Redirects to login (expected without session)"
"admin","https://admin.olasentra.com/admin/forms.php","admin:forms.php","200","ok","auth_redirect","4154","False","False","https://admin.olasentra.com/admin/login.php","Redirects to login (expected without session)"
"admin","https://admin.olasentra.com/admin/geo-audits.php","admin:geo-audits.php","200","ok","auth_redirect","4154","False","False","https://admin.olasentra.com/admin/login.php","Redirects to login (expected without session)"
"admin","https://admin.olasentra.com/admin/geocode-eircode.php","admin:geocode-eircode.php","200","ok","auth_redirect","4154","False","False","https://admin.olasentra.com/admin/login.php","Redirects to login (expected without session)"
"admin","https://admin.olasentra.com/admin/go-live-action.php","admin:go-live-action.php","200","ok","auth_redirect","4154","False","False","https://admin.olasentra.com/admin/login.php","Redirects to login (expected without session)"
"admin","https://admin.olasentra.com/admin/go-live.php","admin:go-live.php","200","ok","auth_redirect","4154","False","False","https://admin.olasentra.com/admin/login.php","Redirects to login (expected without session)"
"admin","https://admin.olasentra.com/admin/google-drive-oauth-callback.php","admin:google-drive-oauth-callback.php","200","ok","auth_redirect","4154","False","False","https://admin.olasentra.com/admin/login.php?google_oauth=invalid_state","Redirects to login (expected without session)"
"admin","https://admin.olasentra.com/admin/google-sheets-control.php","admin:google-sheets-control.php","200","ok","auth_redirect","4154","False","False","https://admin.olasentra.com/admin/login.php","Redirects to login (expected without session)"
"admin","https://admin.olasentra.com/admin/google-sheets-diagnostic.php","admin:google-sheets-diagnostic.php","200","ok","auth_redirect","4154","False","False","https://admin.olasentra.com/admin/login.php","Redirects to login (expected without session)"
"admin","https://admin.olasentra.com/admin/google-sheets-resync.php","admin:google-sheets-resync.php","200","ok","auth_redirect","4154","False","False","https://admin.olasentra.com/admin/login.php","Redirects to login (expected without session)"
"admin","https://admin.olasentra.com/admin/google-sheets-settings-action.php","admin:google-sheets-settings-action.php","200","ok","auth_redirect","4154","False","False","https://admin.olasentra.com/admin/login.php","Redirects to login (expected without session)"
"admin","https://admin.olasentra.com/admin/import-roster.php","admin:import-roster.php","200","ok","auth_redirect","4154","False","False","https://admin.olasentra.com/admin/login.php","Redirects to login (expected without session)"
"admin","https://admin.olasentra.com/admin/incident-centre.php","admin:incident-centre.php","200","ok","auth_redirect","4154","False","False","https://admin.olasentra.com/admin/login.php","Redirects to login (expected without session)"
"admin","https://admin.olasentra.com/admin/index.php","admin:index.php","200","ok","auth_redirect","4154","False","False","https://admin.olasentra.com/admin/login.php","Redirects to login (expected without session)"
"admin","https://admin.olasentra.com/admin/invoice-action.php","admin:invoice-action.php","200","ok","auth_redirect","4154","False","False","https://admin.olasentra.com/admin/login.php","Redirects to login (expected without session)"
"admin","https://admin.olasentra.com/admin/invoice-form.php","admin:invoice-form.php","200","ok","auth_redirect","4154","False","False","https://admin.olasentra.com/admin/login.php","Redirects to login (expected without session)"
"admin","https://admin.olasentra.com/admin/invoice-import-action.php","admin:invoice-import-action.php","200","ok","auth_redirect","4154","False","False","https://admin.olasentra.com/admin/login.php","Redirects to login (expected without session)"
"admin","https://admin.olasentra.com/admin/invoice-import-template.php","admin:invoice-import-template.php","200","ok","auth_redirect","4154","False","False","https://admin.olasentra.com/admin/login.php","Redirects to login (expected without session)"
"admin","https://admin.olasentra.com/admin/invoice-import.php","admin:invoice-import.php","200","ok","auth_redirect","4154","False","False","https://admin.olasentra.com/admin/login.php","Redirects to login (expected without session)"
"admin","https://admin.olasentra.com/admin/invoice-quick.php","admin:invoice-quick.php","200","ok","auth_redirect","4154","False","False","https://admin.olasentra.com/admin/login.php","Redirects to login (expected without session)"
"admin","https://admin.olasentra.com/admin/invoices.php","admin:invoices.php","200","ok","auth_redirect","4154","False","False","https://admin.olasentra.com/admin/login.php","Redirects to login (expected without session)"
"admin","https://admin.olasentra.com/admin/job-record-action.php","admin:job-record-action.php","200","ok","auth_redirect","4154","False","False","https://admin.olasentra.com/admin/login.php","Redirects to login (expected without session)"
"admin","https://admin.olasentra.com/admin/job-record-form.php","admin:job-record-form.php","200","ok","auth_redirect","4154","False","False","https://admin.olasentra.com/admin/login.php","Redirects to login (expected without session)"
"admin","https://admin.olasentra.com/admin/job-records.php","admin:job-records.php","200","ok","auth_redirect","4154","False","False","https://admin.olasentra.com/admin/login.php","Redirects to login (expected without session)"
"admin","https://admin.olasentra.com/admin/login.php","admin:login.php","200","ok","auth_redirect","4154","False","False","https://admin.olasentra.com/admin/login.php","Redirects to login (expected without session)"
"admin","https://admin.olasentra.com/admin/logout.php","admin:logout.php","200","ok","auth_redirect","4154","False","False","https://admin.olasentra.com/admin/login.php","Redirects to login (expected without session)"
"admin","https://admin.olasentra.com/admin/manual-signin-action.php","admin:manual-signin-action.php","200","ok","auth_redirect","4154","False","False","https://admin.olasentra.com/admin/login.php","Redirects to login (expected without session)"
"admin","https://admin.olasentra.com/admin/manual-signin.php","admin:manual-signin.php","200","ok","auth_redirect","4154","False","False","https://admin.olasentra.com/admin/login.php","Redirects to login (expected without session)"
"admin","https://admin.olasentra.com/admin/mobile-api-qa.php","admin:mobile-api-qa.php","200","ok","auth_redirect","4154","False","False","https://admin.olasentra.com/admin/login.php","Redirects to login (expected without session)"
"admin","https://admin.olasentra.com/admin/mobile-app-release-action.php","admin:mobile-app-release-action.php","200","ok","auth_redirect","4154","False","False","https://admin.olasentra.com/admin/login.php","Redirects to login (expected without session)"
"admin","https://admin.olasentra.com/admin/mobile-app-releases.php","admin:mobile-app-releases.php","200","ok","auth_redirect","4154","False","False","https://admin.olasentra.com/admin/login.php","Redirects to login (expected without session)"
"admin","https://admin.olasentra.com/admin/mobile-portal.php","admin:mobile-portal.php","200","ok","auth_redirect","4154","False","False","https://admin.olasentra.com/admin/login.php","Redirects to login (expected without session)"
"admin","https://admin.olasentra.com/admin/notifications.php","admin:notifications.php","200","ok","auth_redirect","4154","False","False","https://admin.olasentra.com/admin/login.php","Redirects to login (expected without session)"
"admin","https://admin.olasentra.com/admin/operations-reports.php","admin:operations-reports.php","200","ok","auth_redirect","4154","False","False","https://admin.olasentra.com/admin/login.php","Redirects to login (expected without session)"
"admin","https://admin.olasentra.com/admin/ops-automation.php","admin:ops-automation.php","200","ok","auth_redirect","4154","False","False","https://admin.olasentra.com/admin/login.php","Redirects to login (expected without session)"
"admin","https://admin.olasentra.com/admin/ops-checklist-action.php","admin:ops-checklist-action.php","200","ok","auth_redirect","4154","False","False","https://admin.olasentra.com/admin/login.php","Redirects to login (expected without session)"
"admin","https://admin.olasentra.com/admin/ops-checklist.php","admin:ops-checklist.php","200","ok","auth_redirect","4154","False","False","https://admin.olasentra.com/admin/login.php","Redirects to login (expected without session)"
"admin","https://admin.olasentra.com/admin/payroll-centre.php","admin:payroll-centre.php","200","ok","auth_redirect","4154","False","False","https://admin.olasentra.com/admin/login.php","Redirects to login (expected without session)"
"admin","https://admin.olasentra.com/admin/payroll-intelligence.php","admin:payroll-intelligence.php","200","ok","auth_redirect","4154","False","False","https://admin.olasentra.com/admin/login.php","Redirects to login (expected without session)"
"admin","https://admin.olasentra.com/admin/personal-invoice-form.php","admin:personal-invoice-form.php","200","ok","auth_redirect","4154","False","False","https://admin.olasentra.com/admin/login.php","Redirects to login (expected without session)"
"admin","https://admin.olasentra.com/admin/personal-invoices.php","admin:personal-invoices.php","200","ok","auth_redirect","4154","False","False","https://admin.olasentra.com/admin/login.php","Redirects to login (expected without session)"
"admin","https://admin.olasentra.com/admin/personal-work-log-form.php","admin:personal-work-log-form.php","200","ok","auth_redirect","4154","False","False","https://admin.olasentra.com/admin/login.php","Redirects to login (expected without session)"
"admin","https://admin.olasentra.com/admin/preference-location-action.php","admin:preference-location-action.php","200","ok","auth_redirect","4154","False","False","https://admin.olasentra.com/admin/login.php","Redirects to login (expected without session)"
"admin","https://admin.olasentra.com/admin/print-invoice-quick.php","admin:print-invoice-quick.php","200","ok","auth_redirect","4154","False","False","https://admin.olasentra.com/admin/login.php","Redirects to login (expected without session)"
"admin","https://admin.olasentra.com/admin/print-invoice.php","admin:print-invoice.php","200","ok","auth_redirect","4154","False","False","https://admin.olasentra.com/admin/login.php","Redirects to login (expected without session)"
"admin","https://admin.olasentra.com/admin/print-invoices-month.php","admin:print-invoices-month.php","200","ok","auth_redirect","4154","False","False","https://admin.olasentra.com/admin/login.php","Redirects to login (expected without session)"
"admin","https://admin.olasentra.com/admin/print-job-record.php","admin:print-job-record.php","200","ok","auth_redirect","4154","False","False","https://admin.olasentra.com/admin/login.php","Redirects to login (expected without session)"
"admin","https://admin.olasentra.com/admin/print-qr.php","admin:print-qr.php","200","ok","auth_redirect","4154","False","False","https://admin.olasentra.com/admin/login.php","Redirects to login (expected without session)"
"admin","https://admin.olasentra.com/admin/print-roster.php","admin:print-roster.php","500","error","http_500","0","False","False","","The remote server returned an error: (500) Internal Server Error."
"admin","https://admin.olasentra.com/admin/qr.php","admin:qr.php","200","ok","auth_redirect","4154","False","False","https://admin.olasentra.com/admin/login.php","Redirects to login (expected without session)"
"admin","https://admin.olasentra.com/admin/recruitment-centre.php","admin:recruitment-centre.php","200","ok","auth_redirect","4154","False","False","https://admin.olasentra.com/admin/login.php","Redirects to login (expected without session)"
"admin","https://admin.olasentra.com/admin/roster-diagnostic.php","admin:roster-diagnostic.php","200","ok","auth_redirect","4154","False","False","https://admin.olasentra.com/admin/login.php","Redirects to login (expected without session)"
"admin","https://admin.olasentra.com/admin/same-day-conflicts-action.php","admin:same-day-conflicts-action.php","200","ok","auth_redirect","4154","False","False","https://admin.olasentra.com/admin/login.php","Redirects to login (expected without session)"
"admin","https://admin.olasentra.com/admin/same-day-conflicts.php","admin:same-day-conflicts.php","200","ok","auth_redirect","4154","False","False","https://admin.olasentra.com/admin/login.php","Redirects to login (expected without session)"
"admin","https://admin.olasentra.com/admin/save-event.php","admin:save-event.php","200","ok","auth_redirect","4154","False","False","https://admin.olasentra.com/admin/login.php","Redirects to login (expected without session)"
"admin","https://admin.olasentra.com/admin/save-venue.php","admin:save-venue.php","200","ok","auth_redirect","4154","False","False","https://admin.olasentra.com/admin/login.php","Redirects to login (expected without session)"
"admin","https://admin.olasentra.com/admin/save-work-type.php","admin:save-work-type.php","200","ok","auth_redirect","4154","False","False","https://admin.olasentra.com/admin/login.php","Redirects to login (expected without session)"
"admin","https://admin.olasentra.com/admin/scan-checkin-action.php","admin:scan-checkin-action.php","200","ok","auth_redirect","4154","False","False","https://admin.olasentra.com/admin/login.php","Redirects to login (expected without session)"
"admin","https://admin.olasentra.com/admin/scan-checkin.php","admin:scan-checkin.php","200","ok","auth_redirect","4154","False","False","https://admin.olasentra.com/admin/login.php","Redirects to login (expected without session)"
"admin","https://admin.olasentra.com/admin/send-shift-reminder-action.php","admin:send-shift-reminder-action.php","200","ok","auth_redirect","4154","False","False","https://admin.olasentra.com/admin/login.php","Redirects to login (expected without session)"
"admin","https://admin.olasentra.com/admin/settings-account.php","admin:settings-account.php","200","ok","auth_redirect","4154","False","False","https://admin.olasentra.com/admin/login.php","Redirects to login (expected without session)"
"admin","https://admin.olasentra.com/admin/settings-email.php","admin:settings-email.php","200","ok","auth_redirect","4154","False","False","https://admin.olasentra.com/admin/login.php","Redirects to login (expected without session)"
"admin","https://admin.olasentra.com/admin/settings-mobile-portal.php","admin:settings-mobile-portal.php","200","ok","auth_redirect","4154","False","False","https://admin.olasentra.com/admin/login.php","Redirects to login (expected without session)"
"admin","https://admin.olasentra.com/admin/settings-preference-locations.php","admin:settings-preference-locations.php","200","ok","auth_redirect","4154","False","False","https://admin.olasentra.com/admin/login.php","Redirects to login (expected without session)"
"admin","https://admin.olasentra.com/admin/settings-production.php","admin:settings-production.php","200","ok","auth_redirect","4154","False","False","https://admin.olasentra.com/admin/login.php","Redirects to login (expected without session)"
"admin","https://admin.olasentra.com/admin/settings-security.php","admin:settings-security.php","200","ok","auth_redirect","4154","False","False","https://admin.olasentra.com/admin/login.php","Redirects to login (expected without session)"
"admin","https://admin.olasentra.com/admin/settings-site.php","admin:settings-site.php","200","ok","auth_redirect","4154","False","False","https://admin.olasentra.com/admin/login.php","Redirects to login (expected without session)"
"admin","https://admin.olasentra.com/admin/settings-theme.php","admin:settings-theme.php","200","ok","auth_redirect","4154","False","False","https://admin.olasentra.com/admin/login.php","Redirects to login (expected without session)"
"admin","https://admin.olasentra.com/admin/settings.php","admin:settings.php","200","ok","auth_redirect","4154","False","False","https://admin.olasentra.com/admin/login.php","Redirects to login (expected without session)"
"admin","https://admin.olasentra.com/admin/sheets-queue-ping.php","admin:sheets-queue-ping.php","200","ok","auth_redirect","4154","False","False","https://admin.olasentra.com/admin/login.php","Redirects to login (expected without session)"
"admin","https://admin.olasentra.com/admin/staff-availability.php","admin:staff-availability.php","200","ok","auth_redirect","4154","False","False","https://admin.olasentra.com/admin/login.php","Redirects to login (expected without session)"
"admin","https://admin.olasentra.com/admin/staff-delete.php","admin:staff-delete.php","200","ok","auth_redirect","4154","False","False","https://admin.olasentra.com/admin/login.php","Redirects to login (expected without session)"
"admin","https://admin.olasentra.com/admin/staff-directory.php","admin:staff-directory.php","200","ok","auth_redirect","4154","False","False","https://admin.olasentra.com/admin/login.php","Redirects to login (expected without session)"
"admin","https://admin.olasentra.com/admin/staff-documents.php","admin:staff-documents.php","200","ok","auth_redirect","4154","False","False","https://admin.olasentra.com/admin/login.php","Redirects to login (expected without session)"
"admin","https://admin.olasentra.com/admin/staff-download-export.php","admin:staff-download-export.php","200","ok","auth_redirect","4154","False","False","https://admin.olasentra.com/admin/login.php","Redirects to login (expected without session)"
"admin","https://admin.olasentra.com/admin/staff-download.php","admin:staff-download.php","200","ok","auth_redirect","4154","False","False","https://admin.olasentra.com/admin/login.php","Redirects to login (expected without session)"
"admin","https://admin.olasentra.com/admin/staff-edit.php","admin:staff-edit.php","200","ok","auth_redirect","4154","False","False","https://admin.olasentra.com/admin/login.php","Redirects to login (expected without session)"
"admin","https://admin.olasentra.com/admin/staff-go-live.php","admin:staff-go-live.php","200","ok","auth_redirect","4154","False","False","https://admin.olasentra.com/admin/login.php","Redirects to login (expected without session)"
"admin","https://admin.olasentra.com/admin/staff-google-signin-diagnostic.php","admin:staff-google-signin-diagnostic.php","200","ok","auth_redirect","4154","False","False","https://admin.olasentra.com/admin/login.php","Redirects to login (expected without session)"
"admin","https://admin.olasentra.com/admin/staff-inbox-thread.php","admin:staff-inbox-thread.php","200","ok","auth_redirect","4154","False","False","https://admin.olasentra.com/admin/login.php","Redirects to login (expected without session)"
"admin","https://admin.olasentra.com/admin/staff-inbox.php","admin:staff-inbox.php","200","ok","auth_redirect","4154","False","False","https://admin.olasentra.com/admin/login.php","Redirects to login (expected without session)"
"admin","https://admin.olasentra.com/admin/staff-message.php","admin:staff-message.php","200","ok","auth_redirect","4154","False","False","https://admin.olasentra.com/admin/login.php","Redirects to login (expected without session)"
"admin","https://admin.olasentra.com/admin/staff-preferences-export.php","admin:staff-preferences-export.php","200","ok","auth_redirect","4154","False","False","https://admin.olasentra.com/admin/login.php","Redirects to login (expected without session)"
"admin","https://admin.olasentra.com/admin/staff-preferences.php","admin:staff-preferences.php","200","ok","auth_redirect","4154","False","False","https://admin.olasentra.com/admin/login.php","Redirects to login (expected without session)"
"admin","https://admin.olasentra.com/admin/staff-regenerate-token.php","admin:staff-regenerate-token.php","200","ok","auth_redirect","4154","False","False","https://admin.olasentra.com/admin/login.php","Redirects to login (expected without session)"
"admin","https://admin.olasentra.com/admin/staff-search.php","admin:staff-search.php","200","ok","auth_redirect","4154","False","False","https://admin.olasentra.com/admin/login.php","Redirects to login (expected without session)"
"admin","https://admin.olasentra.com/admin/staff-send-profile-link.php","admin:staff-send-profile-link.php","200","ok","auth_redirect","4154","False","False","https://admin.olasentra.com/admin/login.php","Redirects to login (expected without session)"
"admin","https://admin.olasentra.com/admin/staff.php","admin:staff.php","200","ok","auth_redirect","4154","False","False","https://admin.olasentra.com/admin/login.php","Redirects to login (expected without session)"
"admin","https://admin.olasentra.com/admin/system-cleanup.php","admin:system-cleanup.php","200","ok","auth_redirect","4154","False","False","https://admin.olasentra.com/admin/login.php","Redirects to login (expected without session)"
"admin","https://admin.olasentra.com/admin/system-health.php","admin:system-health.php","200","ok","auth_redirect","4154","False","False","https://admin.olasentra.com/admin/login.php","Redirects to login (expected without session)"
"admin","https://admin.olasentra.com/admin/toggle-event.php","admin:toggle-event.php","200","ok","auth_redirect","4154","False","False","https://admin.olasentra.com/admin/login.php","Redirects to login (expected without session)"
"admin","https://admin.olasentra.com/admin/training-centre.php","admin:training-centre.php","200","ok","auth_redirect","4154","False","False","https://admin.olasentra.com/admin/login.php","Redirects to login (expected without session)"
"admin","https://admin.olasentra.com/admin/trust-scores.php","admin:trust-scores.php","200","ok","auth_redirect","4154","False","False","https://admin.olasentra.com/admin/login.php","Redirects to login (expected without session)"
"admin","https://admin.olasentra.com/admin/unified-inbox-action.php","admin:unified-inbox-action.php","200","ok","auth_redirect","4154","False","False","https://admin.olasentra.com/admin/login.php","Redirects to login (expected without session)"
"admin","https://admin.olasentra.com/admin/unified-inbox.php","admin:unified-inbox.php","200","ok","auth_redirect","4154","False","False","https://admin.olasentra.com/admin/login.php","Redirects to login (expected without session)"
"admin","https://admin.olasentra.com/admin/update-status.php","admin:update-status.php","200","ok","auth_redirect","4154","False","False","https://admin.olasentra.com/admin/login.php","Redirects to login (expected without session)"
"admin","https://admin.olasentra.com/admin/user-action.php","admin:user-action.php","200","ok","auth_redirect","4154","False","False","https://admin.olasentra.com/admin/login.php","Redirects to login (expected without session)"
"admin","https://admin.olasentra.com/admin/users.php","admin:users.php","200","ok","auth_redirect","4154","False","False","https://admin.olasentra.com/admin/login.php","Redirects to login (expected without session)"
"admin","https://admin.olasentra.com/admin/venue-action.php","admin:venue-action.php","200","ok","auth_redirect","4154","False","False","https://admin.olasentra.com/admin/login.php","Redirects to login (expected without session)"
"admin","https://admin.olasentra.com/admin/venue-form.php","admin:venue-form.php","200","ok","auth_redirect","4154","False","False","https://admin.olasentra.com/admin/login.php","Redirects to login (expected without session)"
"admin","https://admin.olasentra.com/admin/venues.php","admin:venues.php","200","ok","auth_redirect","4154","False","False","https://admin.olasentra.com/admin/login.php","Redirects to login (expected without session)"
"admin","https://admin.olasentra.com/admin/view-staff.php","admin:view-staff.php","200","ok","auth_redirect","4154","False","False","https://admin.olasentra.com/admin/login.php","Redirects to login (expected without session)"
"admin","https://admin.olasentra.com/admin/visitor-locations.php","admin:visitor-locations.php","200","ok","auth_redirect","4154","False","False","https://admin.olasentra.com/admin/login.php","Redirects to login (expected without session)"
"admin","https://admin.olasentra.com/admin/website-contact.php","admin:website-contact.php","200","ok","auth_redirect","4154","False","False","https://admin.olasentra.com/admin/login.php","Redirects to login (expected without session)"
"admin","https://admin.olasentra.com/admin/website-events.php","admin:website-events.php","200","ok","auth_redirect","4154","False","False","https://admin.olasentra.com/admin/login.php","Redirects to login (expected without session)"
"admin","https://admin.olasentra.com/admin/website-faq.php","admin:website-faq.php","200","ok","auth_redirect","4154","False","False","https://admin.olasentra.com/admin/login.php","Redirects to login (expected without session)"
"admin","https://admin.olasentra.com/admin/website-global.php","admin:website-global.php","200","ok","auth_redirect","4154","False","False","https://admin.olasentra.com/admin/login.php","Redirects to login (expected without session)"
"admin","https://admin.olasentra.com/admin/website-home.php","admin:website-home.php","200","ok","auth_redirect","4154","False","False","https://admin.olasentra.com/admin/login.php","Redirects to login (expected without session)"
"admin","https://admin.olasentra.com/admin/website-how.php","admin:website-how.php","200","ok","auth_redirect","4154","False","False","https://admin.olasentra.com/admin/login.php","Redirects to login (expected without session)"
"admin","https://admin.olasentra.com/admin/website-roles.php","admin:website-roles.php","200","ok","auth_redirect","4154","False","False","https://admin.olasentra.com/admin/login.php","Redirects to login (expected without session)"
"admin","https://admin.olasentra.com/admin/website.php","admin:website.php","200","ok","auth_redirect","4154","False","False","https://admin.olasentra.com/admin/login.php","Redirects to login (expected without session)"
"admin","https://admin.olasentra.com/admin/work-hours-action.php","admin:work-hours-action.php","200","ok","auth_redirect","4154","False","False","https://admin.olasentra.com/admin/login.php","Redirects to login (expected without session)"
"admin","https://admin.olasentra.com/admin/work-hours.php","admin:work-hours.php","200","ok","auth_redirect","4154","False","False","https://admin.olasentra.com/admin/login.php","Redirects to login (expected without session)"
"admin","https://admin.olasentra.com/admin/work-type-action.php","admin:work-type-action.php","200","ok","auth_redirect","4154","False","False","https://admin.olasentra.com/admin/login.php","Redirects to login (expected without session)"
"admin","https://admin.olasentra.com/admin/work-type-form.php","admin:work-type-form.php","200","ok","auth_redirect","4154","False","False","https://admin.olasentra.com/admin/login.php","Redirects to login (expected without session)"
"admin","https://admin.olasentra.com/admin/work-types.php","admin:work-types.php","200","ok","auth_redirect","4154","False","False","https://admin.olasentra.com/admin/login.php","Redirects to login (expected without session)"
"admin","https://admin.olasentra.com/admin/workforce-performance.php","admin:workforce-performance.php","200","ok","auth_redirect","4154","False","False","https://admin.olasentra.com/admin/login.php","Redirects to login (expected without session)"
"admin","https://admin.olasentra.com/admin/workforce-risk.php","admin:workforce-risk.php","200","ok","auth_redirect","4154","False","False","https://admin.olasentra.com/admin/login.php","Redirects to login (expected without session)"
"marketing","https://olasentra.com/","marketing-extra","200","ok","ok","43401","False","False","https://olasentra.com/",""
"marketing","https://www.olasentra.com/","marketing-extra","200","ok","ok","43401","False","False","https://www.olasentra.com/",""
"marketing","https://www.olasentra.com/home.php","marketing-extra","200","ok","ok","43417","False","False","https://www.olasentra.com/home.php",""
"apply","https://apply.olasentra.com/index.php","apply:index.php","200","ok","ok","101666","False","False","https://register.olasentra.com/index.php",""
"apply","https://apply.olasentra.com/login.php","apply:login.php","404","error","http_404","0","False","False","","The remote server returned an error: (404) Not Found."
"apply","https://apply.olasentra.com/front.php","apply:front.php","200","error","blank_page","0","False","True","https://apply.olasentra.com/front.php","200 but near-blank body"
"apply","https://apply.olasentra.com/staff-list.php","apply:staff-list.php","200","ok","auth_redirect","11190","False","False","https://apply.olasentra.com/admin/admin/login.php","Redirects to login (expected without session)"
"apply","https://apply.olasentra.com/sso.php","apply:sso.php","404","error","http_404","0","False","False","","The remote server returned an error: (404) Not Found."
"apply","https://apply.olasentra.com/update-details.php","apply:update-details.php","200","ok","auth_redirect","11380","False","False","https://register.olasentra.com/staff-app.php","Redirects to login (expected without session)"
"apply","https://apply.olasentra.com/import-main-staff.php","apply:import-main-staff.php","200","ok","ok","101666","False","False","https://register.olasentra.com/index.php",""
"apply","https://apply.olasentra.com/","apply:root","200","ok","ok","101666","False","False","https://register.olasentra.com/index.php",""
"apply","https://apply.olasentra.com/admin/index.php","apply:admin/index.php","200","ok","ok","101666","False","False","https://register.olasentra.com/index.php",""
"apply","https://apply.olasentra.com/admin/login.php","apply:admin/login.php","200","ok","auth_redirect","11190","False","False","https://apply.olasentra.com/admin/login.php","Redirects to login (expected without session)"
"apply","https://apply.olasentra.com/admin/dashboard.php","apply:admin/dashboard.php","500","error","http_500","0","False","False","","The remote server returned an error: (500) Internal Server Error."
"apply","https://apply.olasentra.com/admin/staff-list.php","apply:admin/staff-list.php","200","ok","auth_redirect","11190","False","False","https://apply.olasentra.com/admin/admin/login.php?return=/admin/admin/staff-list.php","Redirects to login (expected without session)"
"apply","https://apply.olasentra.com/admin/applicants.php","apply:admin/applicants.php","200","error","php_runtime_error","665","True","False","https://apply.olasentra.com/admin/applicants.php","PHP/runtime error in response body"
"apply","https://apply.olasentra.com/admin/payroll.php","apply:admin/payroll.php","500","error","http_500","0","False","False","","The remote server returned an error: (500) Internal Server Error."
"apply","https://apply.olasentra.com/admin/settings.php","apply:admin/settings.php","500","error","http_500","0","False","False","","The remote server returned an error: (500) Internal Server Error."
"apply","https://apply.olasentra.com/admin/view-staff.php","apply:admin/view-staff.php","500","error","http_500","0","False","False","","The remote server returned an error: (500) Internal Server Error."
"register","https://register.olasentra.com/api/admin-staff-search.php","api:admin-staff-search.php","401","ok","auth_required","0","False","False","","The remote server returned an error: (401) Unauthorized."
"register","https://register.olasentra.com/api/attendance-gps-ping.php","api:attendance-gps-ping.php","405","ok","method_not_allowed","0","False","False","","The remote server returned an error: (405) Method Not Allowed."
"register","https://register.olasentra.com/api/attendance-live.php","api:attendance-live.php","404","error","http_404","0","False","False","","The remote server returned an error: (404) Not Found."
"register","https://register.olasentra.com/api/events.php","api:events.php","200","ok","ok","1463","False","False","https://register.olasentra.com/api/events.php",""
"register","https://register.olasentra.com/api/health.php","api:health.php","200","ok","ok","62","False","False","https://register.olasentra.com/api/health.php",""
"register","https://register.olasentra.com/api/mobile-config-probe.php","api:mobile-config-probe.php","200","ok","ok","62","False","False","https://register.olasentra.com/api/mobile-config-probe.php",""
"register","https://register.olasentra.com/api/mobile-dashboard-probe.php","api:mobile-dashboard-probe.php","200","ok","ok","366","False","False","https://register.olasentra.com/api/mobile-dashboard-probe.php",""
"register","https://register.olasentra.com/api/notifications-mark-read.php","api:notifications-mark-read.php","405","ok","method_not_allowed","0","False","False","","The remote server returned an error: (405) Method Not Allowed."
"register","https://register.olasentra.com/api/notifications.php","api:notifications.php","400","error","http_400","0","False","False","","The remote server returned an error: (400) Bad Request."
"register","https://register.olasentra.com/api/probe-dash2.php","api:probe-dash2.php","200","ok","ok","407","False","False","https://register.olasentra.com/api/probe-dash2.php",""
"register","https://register.olasentra.com/api/probe-flush.php","api:probe-flush.php","200","ok","ok","104","False","False","https://register.olasentra.com/api/probe-flush.php",""
"register","https://register.olasentra.com/api/probe-ping.php","api:probe-ping.php","200","error","blank_page","4","False","True","https://register.olasentra.com/api/probe-ping.php","200 but near-blank body"
"register","https://register.olasentra.com/api/probe-reg-save.php","api:probe-reg-save.php","500","error","http_500","0","False","False","","The remote server returned an error: (500) Internal Server Error."
"register","https://register.olasentra.com/api/probe-reg-submit.php","api:probe-reg-submit.php","200","ok","ok","403","False","False","https://register.olasentra.com/api/probe-reg-submit.php",""
"register","https://register.olasentra.com/api/probe-staff-full-verify.php","api:probe-staff-full-verify.php","403","error","http_403","0","False","False","","The remote server returned an error: (403) Forbidden."
"register","https://register.olasentra.com/api/psa-licence-verify.php","api:psa-licence-verify.php","405","ok","method_not_allowed","0","False","False","","The remote server returned an error: (405) Method Not Allowed."
"register","https://register.olasentra.com/api/push-subscribe.php","api:push-subscribe.php","405","ok","method_not_allowed","0","False","False","","The remote server returned an error: (405) Method Not Allowed."
"register","https://register.olasentra.com/api/push-vapid-public.php","api:push-vapid-public.php","200","ok","ok","113","False","False","https://register.olasentra.com/api/push-vapid-public.php",""
"register","https://register.olasentra.com/api/pwa-icon.php","api:pwa-icon.php","200","ok","ok","106628","False","False","https://register.olasentra.com/api/pwa-icon.php",""
"register","https://register.olasentra.com/api/pwa-install-event.php","api:pwa-install-event.php","405","ok","method_not_allowed","0","False","False","","The remote server returned an error: (405) Method Not Allowed."
"register","https://register.olasentra.com/api/registrant-lookup.php","api:registrant-lookup.php","403","error","http_403","0","False","False","","The remote server returned an error: (403) Forbidden."
"register","https://register.olasentra.com/api/registration-analytics-event.php","api:registration-analytics-event.php","405","ok","method_not_allowed","0","False","False","","The remote server returned an error: (405) Method Not Allowed."
"register","https://register.olasentra.com/api/registration-email-otp-send.php","api:registration-email-otp-send.php","405","ok","method_not_allowed","0","False","False","","The remote server returned an error: (405) Method Not Allowed."
"register","https://register.olasentra.com/api/registration-email-otp-verify.php","api:registration-email-otp-verify.php","405","ok","method_not_allowed","0","False","False","","The remote server returned an error: (405) Method Not Allowed."
"register","https://register.olasentra.com/api/registration-google-verify.php","api:registration-google-verify.php","405","ok","method_not_allowed","0","False","False","","The remote server returned an error: (405) Method Not Allowed."
"register","https://register.olasentra.com/api/registration-options.php","api:registration-options.php","400","error","http_400","0","False","False","","The remote server returned an error: (400) Bad Request."
"register","https://register.olasentra.com/api/roster-check.php","api:roster-check.php","200","ok","ok","310","False","False","https://register.olasentra.com/api/roster-check.php",""
"register","https://register.olasentra.com/api/signin-location-verify.php","api:signin-location-verify.php","405","ok","method_not_allowed","0","False","False","","The remote server returned an error: (405) Method Not Allowed."
"register","https://register.olasentra.com/api/staff-offline-sync.php","api:staff-offline-sync.php","405","ok","method_not_allowed","0","False","False","","The remote server returned an error: (405) Method Not Allowed."
"register","https://register.olasentra.com/api/staff-portal-otp-send.php","api:staff-portal-otp-send.php","405","ok","method_not_allowed","0","False","False","","The remote server returned an error: (405) Method Not Allowed."
"register","https://register.olasentra.com/api/staff-portal-otp-verify.php","api:staff-portal-otp-verify.php","405","ok","method_not_allowed","0","False","False","","The remote server returned an error: (405) Method Not Allowed."
"register","https://register.olasentra.com/api/staff-shift-gps.php","api:staff-shift-gps.php","405","ok","method_not_allowed","0","False","False","","The remote server returned an error: (405) Method Not Allowed."
"register","https://register.olasentra.com/api/mobile/v1/config","api:mobile-v1-config","200","ok","ok","3418","False","False","https://register.olasentra.com/api/mobile/v1/config",""
"admin","https://admin.olasentra.com/api/mobile/v1/config","api:mobile-v1-config-admin","200","ok","ok","3418","False","False","https://admin.olasentra.com/api/mobile/v1/config",""
"register","https://register.olasentra.com/sw.js","static:sw.js","200","ok","ok","4466","False","False","https://register.olasentra.com/sw.js",""
"marketing","https://olasentra.com/sw.js","static:sw.js","200","ok","ok","4466","False","False","https://olasentra.com/sw.js",""
